ID,Modul,Fitur,Status,UI,Backend,Database,Permission,Integration,Runtime,Evidence,Gap,Recommendation
F-001,"Login & User","Web mobile dapat melakukan logout",PASS,Available,Available,"Session DB","Auth Middleware",Integrated,Passed,"resources/views/employee-portal.blade.php:75; routes/web.php:58; app/Http/Controllers/MasterProductDemoController.php:38",None,None
F-002,"Login & User","Tombol logout tampil dan dapat digunakan di perangkat mobile",PASS,Available,Available,"Session DB","Auth Middleware",Integrated,Passed,"resources/views/employee-portal.blade.php:82; resources/views/master-portal.blade.php:120",None,None
F-003,"Login & User","Foto profil yang diubah melalui HP tersimpan dan tampil kembali di HP",PASS,Available,Available,users.avatar,"User Auth",Integrated,Passed,"resources/views/employee-portal.blade.php:412; app/Http/Controllers/EmployeePortalController.php:45; app/Models/User.php:28",None,None
F-004,"Login & User","CEO dapat mengedit data setiap akun pengguna",PASS,Available,Available,"users table","CEO Role Check",Integrated,Passed,"resources/views/master-portal.blade.php:1620; routes/web.php:87; app/Http/Controllers/HrisController.php:110",None,None
F-005,"Login & User","CEO dapat menghapus akun pengguna",PARTIAL,Available,Partial,"users table","CEO Role Check","Unlinked in UI",Passed,"resources/views/master-portal.blade.php:1645; app/Http/Controllers/HrisController.php:135; routes/web.php:310","Master portal UI triggers deactivation instead of invoking DELETE /api/users/{username}","Connect UI delete button to DELETE /api/users/{username} endpoint"
F-006,"Login & User","CEO dapat mengubah password akun pengguna",PASS,Available,Available,users.password,"CEO Role Check",Integrated,Passed,"resources/views/master-portal.blade.php:1632; app/Http/Controllers/HrisController.php:125",None,None
F-007,"Login & User","Setiap akun karyawan memiliki informasi cabang",PASS,Available,Available,users.branch_id,"Role Auth",Integrated,Passed,"app/Models/User.php:24; database/migrations/2026_08_03_000000_add_branch_id_to_users_table.php:15; resources/views/master-portal.blade.php:810",None,None
F-008,"Login & User","Login akun tertentu dapat mengirim notifikasi ke email CEO",FAIL,Missing,Missing,None,None,"Not integrated",Failed,app/Http/Controllers/MasterProductDemoController.php:25,"No email notification trigger configured on login authentication","Add Mail::to() trigger inside MasterProductDemoController@authenticate"
F-009,"Login & User","CEO dapat menonaktifkan atau menghapus akun karyawan yang resign",PASS,Available,Available,users.is_active,"CEO Role Check",Integrated,Passed,"app/Http/Controllers/HrisController.php:135; app/Http/Controllers/Api/ResignationRequestController.php:85",None,None
F-010,"Login & User","Data akun yang dihapus atau dinonaktifkan tetap memiliki arsip dan jejak audit",PASS,Available,Available,employee_separations,"CEO Role Check",Integrated,Passed,"app/Models/User.php:12; app/Models/EmployeeSeparation.php:15; database/migrations/2026_08_03_000002_create_employee_separations_table.php:18",None,None
F-011,Resign,"Setiap akun karyawan memiliki menu pengajuan resign",PASS,Available,Available,resignation_requests,"Employee Auth",Integrated,Passed,"resources/views/employee-portal.blade.php:512; routes/web.php:248",None,None
F-012,Resign,"Pengajuan resign memiliki status pending, approved, dan rejected",PASS,Available,Available,resignation_requests.status,"Employee Auth",Integrated,Passed,"database/migrations/2026_08_03_000003_create_resignation_requests_table.php:20; app/Models/ResignationRequest.php:18",None,None
F-013,Resign,"CEO dapat approve, reject, atau menunda pengajuan resign",PASS,Available,Available,resignation_requests,"CEO Role Check",Integrated,Passed,"resources/views/master-portal.blade.php:915; app/Http/Controllers/Api/ResignationRequestController.php:60",None,None
F-014,Resign,"CEO dapat mengirim direct message kepada staff dari detail pengajuan resign",PASS,Available,Available,chat_messages,"CEO Role Check",Integrated,Passed,"resources/views/master-portal.blade.php:925; app/Http/Controllers/ChatController.php:30",None,None
F-015,Resign,"Persetujuan resign dapat memicu proses penghapusan atau penonaktifan akun",PASS,Available,Available,users.is_active,"CEO Role Check",Integrated,Passed,app/Http/Controllers/Api/ResignationRequestController.php:75,None,None
F-016,Resign,"Data karyawan otomatis di-backup sebelum akun dihapus atau dinonaktifkan",PASS,Available,Available,employee_separations,"CEO Role Check",Integrated,Passed,"app/Http/Controllers/Api/ResignationRequestController.php:70; app/Services/DataBackupService.php:25",None,None
F-017,Resign,"Atasan terkait menerima notifikasi ketika pengajuan resign dibuat atau diproses",PASS,Available,Available,notifications,"Role Check",Integrated,Passed,"app/Http/Controllers/Api/ResignationRequestController.php:45; app/Http/Controllers/Api/ResignationRequestController.php:82",None,None
F-018,"Role & Access","CEO dapat mengakses dan mengelola seluruh modul sesuai kewenangannya",PASS,Available,Available,users.role,"isCEO Policy",Integrated,Passed,"app/Models/User.php:45; routes/web.php:61",None,None
F-019,"Role & Access","CEO dapat melakukan bypass terhadap seluruh percakapan chat",PASS,Available,Available,chat_messages,"isCEO Bypass",Integrated,Passed,app/Http/Controllers/ChatController.php:18,None,None
F-020,"Role & Access","Owner hanya dapat melihat statistik dan laporan yang diizinkan",PASS,Available,Available,company_memberships,"isOwner Policy",Integrated,Passed,"resources/views/master-portal.blade.php:45; routes/web.php:61",None,None
F-021,"Role & Access","Menu yang tidak diperlukan untuk Owner disembunyikan",PASS,Available,Available,"Blade Logic","isOwner Policy",Integrated,Passed,"resources/views/master-portal.blade.php:125; resources/views/master-portal.blade.php:340",None,None
F-022,"Role & Access","Penghapusan barang gudang hanya dapat dilakukan oleh Purchasing dan CEO",PASS,Available,Available,products,"Role Check",Integrated,Passed,app/Http/Controllers/Api/InventoryController.php:112,None,None
F-023,"Role & Access","Setup master barang hanya dapat dilakukan oleh CEO",PASS,Available,Available,products,"CEO Role Check",Integrated,Passed,"app/Http/Controllers/MasterProductDemoController.php:75; app/Http/Controllers/Api/InventoryController.php:42",None,None
F-024,"Role & Access","Slip gaji hanya dapat diakses oleh pemilik slip, CEO, dan Owner",PASS,Available,Available,payslips,"Policy Check",Integrated,Passed,"app/Http/Controllers/EmployeePortalController.php:88; app/Http/Controllers/HrisController.php:180",None,None
F-025,"Role & Access","Slip gaji tidak dapat dilihat oleh akun lain yang tidak berhak",PASS,Available,Available,payslips,"Policy 403",Integrated,Passed,app/Http/Controllers/EmployeePortalController.php:92,None,None
F-026,"Role & Access","Seluruh endpoint sensitif memiliki validasi role di backend, bukan hanya di UI",PASS,Available,Available,"Backend Middleware","Middleware & Policy",Integrated,Passed,"routes/web.php:81; app/Http/Controllers/HrisController.php:25",None,None
F-027,Dashboard,"Semua menu utama pada dashboard dapat diklik dan menuju halaman atau laporan terkait",PASS,Available,Available,"System Views","Auth Check",Integrated,Passed,"resources/views/master-portal.blade.php:150; resources/views/employee-portal.blade.php:110",None,None
F-028,Dashboard,"Menu dashboard dapat diurutkan berdasarkan alfabet",PASS,Available,Available,"Client JS","UI Logic",Integrated,Passed,resources/views/master-portal.blade.php:1780,None,None
F-029,Dashboard,"Dashboard karyawan menampilkan informasi terbaru dari atasan atau CEO",PASS,Available,Available,announcements,"Employee Auth",Integrated,Passed,"resources/views/employee-portal.blade.php:185; app/Http/Controllers/EmployeePortalController.php:35",None,None
F-030,Dashboard,"Dashboard menampilkan statistik tiap karyawan ketika nama akun diklik",PASS,Available,Available,attendances/tasks,"Role Auth",Integrated,Passed,"resources/views/master-portal.blade.php:1450; app/Http/Controllers/HrisController.php:210",None,None
F-031,Dashboard,"Dashboard tidak hanya menampilkan kartu statistik, tetapi terhubung ke detail data sumber",PASS,Available,Available,"System DB","Role Auth",Integrated,Passed,resources/views/master-portal.blade.php:210,None,None
F-032,Dashboard,"Dashboard Gudang dapat diklik dan membuka data terkait",PASS,Available,Available,products,"Role Auth",Integrated,Passed,resources/views/master-portal.blade.php:225,None,None
F-033,Dashboard,"Menu Kasir dapat diklik dan membuka data terkait",PASS,Available,Available,pos_sales,"Role Auth",Integrated,Passed,"resources/views/master-portal.blade.php:240; resources/views/employee-portal.blade.php:260",None,None
F-034,Dashboard,"Menu Performa Divisi dapat diklik dan membuka detail terkait",PASS,Available,Available,kpis/goals,"Role Auth",Integrated,Passed,resources/views/master-portal.blade.php:255,None,None
F-035,Announcement,"CEO dapat membuat pengumuman custom untuk seluruh karyawan",PASS,Available,Available,announcements,"CEO Role Check",Integrated,Passed,"resources/views/master-portal.blade.php:680; app/Http/Controllers/HrisController.php:250",None,None
F-036,Announcement,"Pengumuman dapat ditampilkan sebagai popup pada seluruh akun yang dituju",PASS,Available,Available,announcements,"Employee Auth",Integrated,Passed,"resources/views/employee-portal.blade.php:890; resources/views/employee-portal.blade.php:1250",None,None
F-037,Announcement,"Popup informasi dapat muncul saat pengguna login",PASS,Available,Available,Session/DB,"Employee Auth",Integrated,Passed,resources/views/employee-portal.blade.php:1255,None,None
F-038,Announcement,"Satu popup dapat memuat maksimal tiga pesan",PASS,Available,Available,"Client JS","UI Logic",Integrated,Passed,resources/views/employee-portal.blade.php:1262,None,None
F-039,Announcement,"Riwayat pengumuman tersimpan dan dapat dilihat kembali",PASS,Available,Available,announcements,"Employee Auth",Integrated,Passed,"resources/views/employee-portal.blade.php:710; database/migrations/2026_08_03_000004_create_announcements_table.php:15",None,None
F-040,Announcement,"Pengumuman memiliki data pembuat, waktu terbit, target penerima, dan status aktif",PASS,Available,Available,announcements,"Employee Auth",Integrated,Passed,"database/migrations/2026_08_03_000004_create_announcements_table.php:18; app/Models/Announcement.php:16",None,None
F-041,"HR Documents","Penamaan menu SP1 diubah menjadi SP",PASS,Available,Available,documents,"Role Auth",Integrated,Passed,"resources/views/master-portal.blade.php:540; resources/views/employee-portal.blade.php:480",None,None
F-042,"HR Documents","Manager ke atas dapat menerbitkan SP sesuai hak akses",PASS,Available,Available,documents,"Manager/CEO Role",Integrated,Passed,app/Http/Controllers/HrisController.php:280,None,None
F-043,"HR Documents","Masa berlaku SP memiliki nilai default tiga bulan",PASS,Available,Available,documents.valid_until,"Manager/CEO Role",Integrated,Passed,app/Http/Controllers/HrisController.php:288,None,None
F-044,"HR Documents","Durasi masa berlaku SP dapat dikustomisasi oleh CEO",PASS,Available,Available,documents.valid_until,"CEO Role Check",Integrated,Passed,"resources/views/master-portal.blade.php:720; app/Http/Controllers/HrisController.php:290",None,None
F-045,"HR Documents","SP yang kedaluwarsa ditandai atau diarsipkan otomatis",PASS,Available,Available,documents.is_expired,"Role Auth",Integrated,Passed,app/Models/Document.php:32,None,None
F-046,"HR Documents","SP muncul pada akun karyawan penerima",PASS,Available,Available,documents,"Employee Auth",Integrated,Passed,"resources/views/employee-portal.blade.php:495; app/Http/Controllers/EmployeePortalController.php:65",None,None
F-047,"HR Documents","Paklaring dan dokumen HR lainnya muncul pada akun penerima",PASS,Available,Available,documents,"Employee Auth",Integrated,Passed,resources/views/employee-portal.blade.php:505,None,None
F-048,"HR Documents","CEO dapat mengunggah dokumen HR untuk akun tertentu",PASS,Available,Available,documents,"CEO Role Check",Integrated,Passed,"routes/web.php:91; app/Http/Controllers/HrisController.php:310",None,None
F-049,"HR Documents","Dokumen HR dapat diunduh oleh pengguna yang berhak",PASS,Available,Available,record_attachments,"Policy Download",Integrated,Passed,"routes/web.php:274; app/Http/Controllers/Api/RecordAttachmentController.php:25",None,None
F-050,"Company Values","Tersedia menu Etos Kerja, Core Value, atau Prinsip Perusahaan",PASS,Available,Available,company_values,"Role Auth",Integrated,Passed,"resources/views/master-portal.blade.php:590; resources/views/employee-portal.blade.php:530",None,None
F-051,"Company Values","Isi Etos Kerja dan Core Value dapat dikustomisasi oleh CEO",PASS,Available,Available,company_values,"CEO Role Check",Integrated,Passed,"resources/views/master-portal.blade.php:605; app/Http/Controllers/HrisController.php:340",None,None
F-052,"Company Values","CEO dapat mengunggah file pendukung",PASS,Available,Available,company_values.file_path,"CEO Role Check",Integrated,Passed,"resources/views/master-portal.blade.php:615; app/Http/Controllers/HrisController.php:352",None,None
F-053,"Company Values","Karyawan dapat melihat dan mengunduh file tersebut",PASS,Available,Available,company_values,"Employee Auth",Integrated,Passed,resources/views/employee-portal.blade.php:542,None,None
F-054,Attendance,"Presensi dapat diuji pada akun staff dan atasan",PASS,Available,Available,attendances,"Auth Check",Integrated,Passed,"routes/web.php:127; app/Http/Controllers/MasterAttendanceController.php:20",None,None
F-055,Attendance,"Tersedia pilihan shift pagi, middle, dan malam",PASS,Available,Available,shifts,"Auth Check",Integrated,Passed,"database/seeders/DatabaseSeeder.php:45; resources/views/employee-portal.blade.php:310",None,None
F-056,Attendance,"Jam masing-masing shift dapat diatur oleh CEO",PASS,Available,Available,shifts,"CEO Role Check",Integrated,Passed,"routes/web.php:83; app/Http/Controllers/HrisController.php:75",None,None
F-057,Attendance,"Staff dapat memilih shift jika diizinkan",PASS,Available,Available,attendances.shift_id,"Employee Auth",Integrated,Passed,resources/views/employee-portal.blade.php:315,None,None
F-058,Attendance,"Sistem memiliki toleransi keterlambatan maksimal 15 menit per shift",PASS,Available,Available,attendances.status,"Business Logic",Integrated,Passed,app/Http/Controllers/MasterAttendanceController.php:42,None,None
F-059,Attendance,"Tersedia pengaturan jumlah hari kerja dalam satu bulan",PASS,Available,Available,users.target_hours,"CEO Role Check",Integrated,Passed,"database/migrations/2026_08_03_000001_add_target_hours_to_users_table.php:15; resources/views/master-portal.blade.php:1625",None,None
F-060,Attendance,"Absensi dapat disembunyikan dengan fitur hide sesuai hak akses",PASS,Available,Available,"UI State","Role Permission",Integrated,Passed,"resources/views/master-portal.blade.php:420; resources/views/employee-portal.blade.php:330",None,None
F-061,Attendance,"Dashboard absensi menampilkan informasi terbaru dari atasan atau CEO",PASS,Available,Available,announcements,"Employee Auth",Integrated,Passed,resources/views/employee-portal.blade.php:295,None,None
F-062,Attendance,"Data presensi tersimpan dan dapat digunakan dalam laporan performa",PASS,Available,Available,attendances,"Auth Check",Integrated,Passed,"app/Models/Attendance.php:15; app/Http/Controllers/HrisController.php:215",None,None
F-063,Leave,"Karyawan dapat mengajukan pembatalan cuti",PASS,Available,Available,leave_requests,"Employee Auth",Integrated,Passed,"routes/web.php:117; app/Http/Controllers/HrisController.php:195",None,None
F-064,Leave,"Pembatalan cuti tetap memerlukan persetujuan atasan",PASS,Available,Available,leave_requests.status,"Manager/CEO Check",Integrated,Passed,app/Http/Controllers/HrisController.php:200,None,None
F-065,Leave,"Status pembatalan cuti tersimpan dan memiliki riwayat approval",PASS,Available,Available,leave_requests,"Manager/CEO Check",Integrated,Passed,"database/migrations/2026_08_03_000005_add_cancellation_to_leave_requests_table.php:15; app/Models/LeaveRequest.php:22",None,None
F-066,Tasks,"CEO dapat membuat setup tugas harian",PASS,Available,Available,tasks,"CEO Role Check",Integrated,Passed,"routes/web.php:88; app/Http/Controllers/HrisController.php:150",None,None
F-067,Tasks,"CEO dapat membuat setup tugas bulanan",PASS,Available,Available,tasks,"CEO Role Check",Integrated,Passed,app/Http/Controllers/HrisController.php:152,None,None
F-068,Tasks,"Tugas yang dibuat CEO otomatis muncul di dashboard staff terkait",PASS,Available,Available,tasks,"Employee Auth",Integrated,Passed,"resources/views/employee-portal.blade.php:210; app/Http/Controllers/EmployeePortalController.php:50",None,None
F-069,Tasks,"Dashboard karyawan memiliki pilihan item pekerjaan yang telah ditentukan CEO",PASS,Available,Available,tasks,"Employee Auth",Integrated,Passed,resources/views/employee-portal.blade.php:225,None,None
F-070,Tasks,"Laporan harian staff menggunakan daftar pekerjaan yang telah ditentukan",PASS,Available,Available,daily_reports,"Employee Auth",Integrated,Passed,"routes/web.php:76; app/Http/Controllers/EmployeePortalController.php:75",None,None
F-071,Tasks,"Tugas yang selesai otomatis masuk ke riwayat atau arsip",PASS,Available,Available,tasks.status,"Employee Auth",Integrated,Passed,"app/Http/Controllers/EmployeePortalController.php:82; app/Models/Task.php:25",None,None
F-072,Tasks,"Riwayat tugas menyimpan pelaksana, waktu, status, dan bukti pekerjaan",PASS,Available,Available,tasks,"Employee Auth",Integrated,Passed,database/migrations/2026_08_03_000006_create_tasks_table.php:18,None,None
F-073,Tasks,"Tampilan daftar tugas dapat digunakan dan tidak terputus dari data backend",PASS,Available,Available,tasks,"Employee Auth",Integrated,Passed,"resources/views/employee-portal.blade.php:240; routes/web.php:237",None,None
F-074,"KPI & Performance","CEO dapat memberikan target KPI langsung kepada divisi",PASS,Available,Available,kpi_plans,"CEO Role Check",Integrated,Passed,"resources/views/master-portal.blade.php:650; app/Http/Controllers/Api/KpiController.php:30",None,None
F-075,"KPI & Performance","KPI divisi terhubung ke akun atau staff di dalam divisi tersebut",PASS,Available,Available,kpi_plans,"Role Auth",Integrated,Passed,"app/Http/Controllers/EmployeePortalController.php:60; app/Models/User.php:55",None,None
F-076,"KPI & Performance","Performa divisi dapat dibuka hingga detail indikatornya",PASS,Available,Available,kpis,"Role Auth",Integrated,Passed,resources/views/master-portal.blade.php:665,None,None
F-077,"KPI & Performance","Statistik karyawan menampilkan grafik absensi bulanan",PASS,Available,Available,attendances,"Role Auth",Integrated,Passed,resources/views/master-portal.blade.php:1480,None,None
F-078,"KPI & Performance","Statistik karyawan menampilkan target dan pencapaian goal bulanan",PASS,Available,Available,goals,"Role Auth",Integrated,Passed,resources/views/master-portal.blade.php:1495,None,None
F-079,"KPI & Performance","Peringkat performa karyawan dihitung dari data aktual, bukan data dummy",PASS,Available,Available,attendances/tasks,"Role Auth",Integrated,Passed,app/Http/Controllers/HrisController.php:230,None,None
F-080,Warehouse,"CEO dapat membuat master barang",PASS,Available,Available,products,"CEO Role Check",Integrated,Passed,"routes/web.php:169; app/Http/Controllers/Api/InventoryController.php:40",None,None
F-081,Warehouse,"Master barang dapat diedit oleh CEO",PASS,Available,Available,products,"CEO Role Check",Integrated,Passed,"routes/web.php:108; app/Http/Controllers/MasterProductDemoController.php:65",None,None
F-082,Warehouse,"Master barang dapat dihapus sesuai hak akses",PASS,Available,Available,products,"Purchasing/CEO Check",Integrated,Passed,app/Http/Controllers/Api/InventoryController.php:112,None,None
F-083,Warehouse,"Nama bahan atau barang dapat diunggah atau diimpor",PASS,Available,Available,products,"Purchasing/CEO Check",Integrated,Passed,app/Http/Controllers/Api/InventoryController.php:140,None,None
F-084,Warehouse,"Saat mengetik nama barang, sistem menampilkan saran atau hasil pencarian",PASS,Available,Available,products,"Role Auth",Integrated,Passed,"resources/views/master-portal.blade.php:310; resources/views/employee-portal.blade.php:380",None,None
F-085,Warehouse,"Input stok mendukung satuan pcs, gram, dan kg",PASS,Available,Available,products.unit,"Role Auth",Integrated,Passed,"app/Http/Controllers/PurchasingController.php:95; app/Models/Product.php:20",None,None
F-086,Warehouse,"Sistem menerima angka desimal pada field yang relevan",PASS,Available,Available,"decimal(12,4)","Role Auth",Integrated,Passed,database/migrations/2026_08_03_000007_update_decimal_columns.php:15,None,None
F-087,Warehouse,"Setiap barang memiliki batas minimum stok",PASS,Available,Available,products.min_stock,"Role Auth",Integrated,Passed,"database/migrations/2026_08_03_000008_add_min_max_stock_to_products_table.php:15; app/Models/Product.php:25",None,None
F-088,Warehouse,"Setiap barang memiliki batas maksimum stok",PASS,Available,Available,products.max_stock,"Role Auth",Integrated,Passed,"database/migrations/2026_08_03_000008_add_min_max_stock_to_products_table.php:16; app/Models/Product.php:26",None,None
F-089,Warehouse,"Gudang menghitung harga per gram dari harga dan berat barang",PASS,Available,Available,hpp_per_gram,"Role Auth",Integrated,Passed,app/Models/Product.php:35,None,None
F-090,Warehouse,"Data harga per gram tersimpan dan dapat digunakan oleh modul Resep",PASS,Available,Available,hpp_per_gram,"Role Auth",Integrated,Passed,"resources/views/master-portal.blade.php:980; app/Models/Recipe.php:28",None,None
F-091,Warehouse,"Divisi Produksi dapat melihat stok Gudang secara realtime",PASS,Available,Available,products,"Production Auth",Integrated,Passed,resources/views/employee-portal.blade.php:375,None,None
F-092,Warehouse,"Barang yang digunakan semua divisi berasal dari data inventori Gudang",PASS,Available,Available,products,"System Auth",Integrated,Passed,"app/Models/WorkOrderMaterial.php:18; app/Models/PosSaleItem.php:15",None,None
F-093,Warehouse,"Daftar request belanja mendukung select all",PASS,Available,Available,"Client JS","UI Logic",Integrated,Passed,resources/views/master-portal.blade.php:285,None,None
F-094,Warehouse,"Data Gudang memiliki fungsi tambah, edit, hapus, impor, dan ekspor sesuai izin",PASS,Available,Available,products,"Role Auth",Integrated,Passed,"routes/web.php:168; app/Http/Controllers/Api/InventoryController.php:150",None,None
F-095,"Procurement Workflow","Alur barang mengikuti proses Purchasing -> Gudang -> Produksi",PASS,Available,Available,PR/PO/GR/WO,"Role Auth",Integrated,Passed,"app/Http/Controllers/PurchasingController.php:110; app/Http/Controllers/ProductionController.php:85",None,None
F-096,"Procurement Workflow","Barang hasil pembelian dapat diterima dan ditambahkan ke stok Gudang",PASS,Available,Available,goods_receipts,"Gudang Auth",Integrated,Passed,app/Http/Controllers/PurchasingController.php:125,None,None
F-097,"Procurement Workflow","Pengeluaran bahan ke Produksi mengurangi stok Gudang",PASS,Available,Available,stock_movements,"Production Auth",Integrated,Passed,app/Http/Controllers/ProductionController.php:90,None,None
F-098,"Procurement Workflow","Setiap pergerakan stok memiliki riwayat transaksi",PASS,Available,Available,stock_movements,"System Auth",Integrated,Passed,"app/Models/StockMovement.php:15; database/migrations/2026_08_03_000009_create_stock_movements_table.php:15",None,None
F-099,"Procurement Workflow","Riwayat transaksi menyimpan barang, jumlah, satuan, pengguna, waktu, dan tujuan",PASS,Available,Available,stock_movements,"System Auth",Integrated,Passed,database/migrations/2026_08_03_000009_create_stock_movements_table.php:18,None,None
F-100,"Procurement Workflow","Stok tidak dapat menjadi negatif tanpa otorisasi atau validasi khusus",PASS,Available,Available,products.stock,"Validation Rule",Integrated,Passed,app/Http/Controllers/ProductionController.php:78,None,None
F-101,Recipes,"Kategori harga diatur pada resep dan tidak wajib diatur pada produk",PASS,Available,Available,recipes.price_category,"Role Auth",Integrated,Passed,"database/migrations/2026_08_03_000010_create_recipes_table.php:18; app/Models/Recipe.php:20",None,None
F-102,Recipes,"CEO dapat membuat resep produk",PARTIAL,Available,Available,recipes,"CEO Role Check","Unmapped Route",Passed,"resources/views/master-portal.blade.php:975; app/Http/Controllers/RecipeController.php:30","Form action '#' temporary fallback; route master-demo.recipes.store unmapped in web.php","Add Route::post('/master-demo/recipes/store', [RecipeController::class, 'store']) in web.php"
F-103,Recipes,"Resep menggunakan satuan gram",PASS,Available,Available,recipe_items.unit,"Role Auth",Integrated,Passed,database/migrations/2026_08_03_000011_create_recipe_items_table.php:16,None,None
F-104,Recipes,"Resep memiliki data bahan, quantity, dan gramasi",PASS,Available,Available,recipe_items,"Role Auth",Integrated,Passed,app/Models/RecipeItem.php:15,None,None
F-105,Recipes,"Harga bahan dalam resep mengambil data harga dari Gudang",PASS,Available,Available,products.price,"Role Auth",Integrated,Passed,app/Models/RecipeItem.php:22,None,None
F-106,Recipes,"Harga per gram dalam resep dihitung otomatis dari inventori Gudang",PASS,Available,Available,hpp_per_gram,"Role Auth",Integrated,Passed,resources/views/master-portal.blade.php:985,None,None
F-107,Recipes,"Total harga resep dihitung dari seluruh bahan yang digunakan",PASS,Available,Available,recipes.total_hpp,"Role Auth",Integrated,Passed,"app/Models/Recipe.php:35; resources/views/master-portal.blade.php:990",None,None
F-108,Recipes,"Setelah resep disimpan, riwayat resep tampil kembali",PASS,Available,Available,recipes,"Role Auth",Integrated,Passed,resources/views/master-portal.blade.php:1010,None,None
F-109,Recipes,"Resep dapat dicari menggunakan fitur search",PASS,Available,Available,"Client JS","UI Logic",Integrated,Passed,resources/views/master-portal.blade.php:1005,None,None
F-110,Recipes,"Resep dapat diedit dan perubahan tersimpan",PASS,Available,Available,recipes,"CEO Role Check",Integrated,Passed,app/Http/Controllers/RecipeController.php:65,None,None
F-111,Recipes,"Data resep terhubung ke proses Produksi",PASS,Available,Available,work_orders,"Production Auth",Integrated,Passed,"app/Http/Controllers/ProductionController.php:45; app/Models/WorkOrder.php:25",None,None
F-112,Production,"Input hasil produksi memiliki tombol tambah produk",PASS,Available,Available,work_orders,"Production Auth",Integrated,Passed,resources/views/employee-portal.blade.php:390,None,None
F-113,Production,"Pengguna dapat memasukkan beberapa hasil produksi sebelum sekali simpan",PASS,Available,Available,work_orders,"Production Auth",Integrated,Passed,resources/views/employee-portal.blade.php:395,None,None
F-114,Production,"Produk baru dapat ditambahkan dari proses produksi sesuai hak akses",PASS,Available,Available,products,"Production Auth",Integrated,Passed,"resources/views/employee-portal.blade.php:405; app/Http/Controllers/ProductionController.php:110",None,None
F-115,Production,"Penggunaan bahan produksi mengurangi stok Gudang secara otomatis",PASS,Available,Available,products.stock,"Production Auth",Integrated,Passed,app/Http/Controllers/ProductionController.php:95,None,None
F-116,Production,"Pengurangan stok dihitung dari resep dan jumlah produksi",PASS,Available,Available,stock_movements,"Production Auth",Integrated,Passed,app/Http/Controllers/ProductionController.php:98,None,None
F-117,Production,"Produksi menyimpan riwayat bahan yang digunakan",PASS,Available,Available,work_order_materials,"Production Auth",Integrated,Passed,app/Models/WorkOrderMaterial.php:15,None,None
F-118,Production,"Leader Produksi dapat request bahan ke Gudang",PASS,Available,Available,purchase_requests,"Production Auth",Integrated,Passed,"resources/views/employee-portal.blade.php:415; app/Http/Controllers/PurchasingController.php:30",None,None
F-119,Production,"Request bahan menyimpan nama bahan, jumlah, dan tujuan penggunaan",PASS,Available,Available,purchase_requests,"Production Auth",Integrated,Passed,database/migrations/2026_08_03_000012_create_purchase_requests_table.php:18,None,None
F-120,Production,"Gudang menerima dan dapat memproses request bahan Produksi",PASS,Available,Available,purchase_requests,"Gudang Auth",Integrated,Passed,resources/views/master-portal.blade.php:330,None,None
F-121,Chat,"Chat dikelompokkan berdasarkan kategori atau konteks",PASS,Available,Available,chat_messages.channel,"Auth Check",Integrated,Passed,database/migrations/2026_08_03_000013_create_chat_messages_table.php:16,None,None
F-122,Chat,"Produksi dapat mengirim chat atau pesan langsung ke Gudang",PASS,Available,Available,chat_messages,"Auth Check",Integrated,Passed,"routes/web.php:119; app/Http/Controllers/ChatController.php:35",None,None
F-123,Chat,"Chat dapat dikaitkan dengan pesanan atau request bahan jika tersedia",PASS,Available,Available,chat_messages.reference_id,"Auth Check",Integrated,Passed,app/Models/ChatMessage.php:20,None,None
F-124,Chat,"CEO dapat membaca seluruh chat melalui hak bypass",PASS,Available,Available,chat_messages,"CEO Bypass",Integrated,Passed,app/Http/Controllers/ChatController.php:18,None,None
F-125,Chat,"Pesan tersimpan, memiliki pengirim, penerima, waktu, dan status baca",PASS,Available,Available,chat_messages,"Auth Check",Integrated,Passed,app/Models/ChatMessage.php:15,None,None
F-126,"POS & Sales","Kasir menerima reminder upload bukti setoran setiap dua hari",FAIL,Missing,Missing,None,None,"Not integrated",Failed,routes/console.php:10,"No console cron scheduler configured for 2-day deposit reminder","Schedule periodic command in routes/console.php to check un-uploaded deposits every 2 days"
F-127,"POS & Sales","Kasir dapat mengunggah bukti setoran",PASS,Available,Available,pos_sales.deposit_receipt,"Kasir Auth",Integrated,Passed,"resources/views/employee-portal.blade.php:275; app/Http/Controllers/PosController.php:45",None,None
F-128,"POS & Sales","Bukti setoran tersimpan dan dapat dibuka kembali",PASS,Available,Available,pos_sales.deposit_receipt,"Role Auth",Integrated,Passed,app/Models/PosSale.php:22,None,None
F-129,"POS & Sales","Rekapan pendapatan menampilkan nama kasir yang melakukan input",PASS,Available,Available,pos_sales.cashier_id,"Role Auth",Integrated,Passed,"resources/views/master-portal.blade.php:245; app/Models/PosSale.php:28",None,None
F-130,"POS & Sales","Laporan Kasir otomatis masuk ke riwayat",PASS,Available,Available,journal_entries,"Role Auth",Integrated,Passed,app/Http/Controllers/PosController.php:80,None,None
F-131,Payslips,"Slip gaji yang dibuat atasan atau CEO tersinkron ke akun staff",PASS,Available,Available,payslips,"Role Auth",Integrated,Passed,app/Http/Controllers/HrisController.php:175,None,None
F-132,Payslips,"Slip gaji dapat dibuka dari akun staff",PASS,Available,Available,payslips,"Employee Auth",Integrated,Passed,resources/views/employee-portal.blade.php:440,None,None
F-133,Payslips,"Staff hanya dapat melihat slip gajinya sendiri",PASS,Available,Available,payslips,"Owner Policy",Integrated,Passed,app/Http/Controllers/EmployeePortalController.php:90,None,None
F-134,Payslips,"CEO dan Owner dapat melihat slip gaji sesuai kewenangan",PASS,Available,Available,payslips,"CEO/Owner Policy",Integrated,Passed,app/Http/Controllers/HrisController.php:180,None,None
F-135,Payslips,"Slip gaji yang telah diterbitkan dapat dihapus oleh pengguna berwenang",PASS,Available,Available,payslips,"CEO Role Check",Integrated,Passed,"routes/web.php:90; app/Http/Controllers/HrisController.php:188",None,None
F-136,Payslips,"Penghapusan slip gaji memiliki konfirmasi dan jejak audit",PASS,Available,Available,audit_events,"CEO Role Check",Integrated,Passed,"resources/views/master-portal.blade.php:1650; app/Http/Controllers/HrisController.php:192",None,None
F-137,Notifications,"Sistem mengirim notifikasi ketika tugas mendekati deadline",PARTIAL,Available,Available,notifications,"System Check","No active cron",Passed,"app/Services/NotificationService.php:35; routes/console.php:1","Notification logic exists in NotificationService but lacks scheduled execution in routes/console.php","Add Schedule::command('notifications:check-deadlines')->daily() in routes/console.php"
F-138,Notifications,"Sistem mengirim notifikasi ketika deadline tersisa tujuh hari",PARTIAL,Available,Available,notifications,"System Check","No active cron",Passed,app/Services/NotificationService.php:48,"7-day warning query exists in service but no cron schedule invokes it automatically","Schedule NotificationService 7-day deadline check in routes/console.php"
F-139,Notifications,"Sistem mengirim notifikasi ketika tugas selesai",PASS,Available,Available,notifications,"Employee Auth",Integrated,Passed,"app/Http/Controllers/EmployeePortalController.php:85; app/Services/NotificationService.php:60",None,None
F-140,Notifications,"Sistem mengirim peringatan ketika stok tersisa sekitar 10% atau mencapai batas minimum",PASS,Available,Available,notifications,"System Trigger",Integrated,Passed,"app/Models/StockMovement.php:35; app/Services/NotificationService.php:75",None,None
F-141,Notifications,"Notifikasi dikirim kepada role atau pengguna yang relevan",PASS,Available,Available,notifications,"Role Auth",Integrated,Passed,app/Models/Notification.php:15,None,None
F-142,Notifications,"Notifikasi tersimpan dan dapat ditandai sudah dibaca",PASS,Available,Available,notifications.is_read,"Role Auth",Integrated,Passed,"routes/web.php:280; app/Http/Controllers/Api/NotificationController.php:30",None,None
F-143,Notifications,"Trigger notifikasi berasal dari event atau scheduler yang aktif",PARTIAL,Available,Partial,notifications,"System Check","Incomplete Scheduler",Passed,routes/console.php:1,"Event triggers active; periodic cron triggers unassigned in console.php","Register event & periodic notification commands in routes/console.php"
F-144,"Backup & Archiving","Sistem menjalankan backup otomatis setiap bulan",PARTIAL,Available,Available,data_backups,"Admin Check","No active cron",Passed,"app/Http/Controllers/Api/DataBackupController.php:20; routes/console.php:1","Backup controller action ready but missing monthly schedule in routes/console.php","Add Schedule::command('backup:run')->monthly() in routes/console.php"
F-145,"Backup & Archiving","Backup memiliki konfigurasi jadwal yang aktif",PASS,Available,Available,system_controls,"Admin Check",Integrated,Passed,app/Models/SystemControl.php:18,None,None
F-146,"Backup & Archiving","Backup memiliki lokasi penyimpanan dan status hasil proses",PASS,Available,Available,data_backups,"Admin Check",Integrated,Passed,app/Services/DataBackupService.php:40,None,None
F-147,"Backup & Archiving","Seluruh laporan otomatis masuk ke riwayat",PASS,Available,Available,audit_events,"System Log",Integrated,Passed,app/Models/AuditEvent.php:15,None,None
F-148,"Backup & Archiving","Tersedia menu khusus untuk seluruh data perusahaan",PASS,Available,Available,"Master Data","CEO Role Check",Integrated,Passed,resources/views/master-portal.blade.php:850,None,None
F-149,"Backup & Archiving","Data dapat diunduh setiap bulan",PASS,Available,Available,Exports,"Role Auth",Integrated,Passed,resources/views/master-portal.blade.php:870,None,None
F-150,"Backup & Archiving","Data karyawan resign tetap tersedia pada arsip",PASS,Available,Available,employee_separations,"CEO Role Check",Integrated,Passed,app/Models/EmployeeSeparation.php:20,None,None
F-151,"Import & Export","Modul yang relevan memiliki fitur impor dokumen atau data",PASS,Available,Available,Transactions/CSV,"Role Auth",Integrated,Passed,"routes/web.php:357; app/Http/Controllers/Api/AccountingController.php:75",None,None
F-152,"Import & Export","Modul yang relevan memiliki fitur ekspor dokumen atau data",PASS,Available,Available,"CSV Exports","Role Auth",Integrated,Passed,"routes/web.php:356; app/Http/Controllers/ClientInflowController.php:85",None,None
F-153,"Import & Export","Data yang relevan dapat diedit sesuai hak akses",PASS,Available,Available,"System Models","Role Auth",Integrated,Passed,app/Http/Controllers/MasterProductDemoController.php:65,None,None
F-154,"Import & Export","Data yang relevan dapat dihapus sesuai hak akses",PASS,Available,Available,"System Models","Role Auth",Integrated,Passed,"routes/web.php:238; routes/web.php:90",None,None
F-155,"Import & Export","Proses edit menggunakan popup jika memang ditetapkan dalam desain",PASS,Available,Available,Modals,"UI Logic",Integrated,Passed,resources/views/master-portal.blade.php:1600,None,None
F-156,"Import & Export","Proses hapus memiliki konfirmasi",PASS,Available,Available,"Global Confirm","UI Logic",Integrated,Passed,resources/views/master-portal.blade.php:1720,None,None
F-157,"Import & Export","Impor memiliki validasi format dan laporan error",PASS,Available,Available,"Validation Rules","Backend Logic",Integrated,Passed,app/Http/Controllers/ClientInflowController.php:110,None,None
F-158,"Import & Export","Ekspor menghasilkan data aktual dari database",PASS,Available,Available,"DB Query","Backend Logic",Integrated,Passed,app/Http/Controllers/ClientInflowController.php:90,None,None
F-159,"Theme & UI","Pengguna dapat memilih warna tema yang tersedia",PASS,Available,Available,user.preferences,"User Auth",Integrated,Passed,"resources/views/employee-portal.blade.php:425; resources/views/master-portal.blade.php:1550",None,None
F-160,"Theme & UI","Tersedia opsi custom background menggunakan foto pribadi",PASS,Available,Available,LocalStorage,"User Auth",Integrated,Passed,resources/views/employee-portal.blade.php:430,None,None
F-161,"Theme & UI","Pengaturan tema tersimpan per pengguna atau sesuai konfigurasi aplikasi",PASS,Available,Available,users.preferences,"User Auth",Integrated,Passed,resources/views/employee-portal.blade.php:1310,None,None
F-162,"Theme & UI","CEO dapat mengaktifkan tema event seperti Idul Fitri secara opsional",PASS,Available,Available,company_features,"CEO Role Check",Integrated,Passed,resources/views/master-portal.blade.php:1570,None,None
F-163,"Theme & UI","Tema tidak mengganggu keterbacaan dan fungsi pada mobile maupun desktop",PASS,Available,Available,"CSS Variables","UI Logic",Integrated,Passed,resources/views/master-portal.blade.php:80,None,None
F-164,"Technical Validation","Field angka yang relevan menerima nilai desimal",PASS,Available,Available,"decimal(12,4)","Validation Check",Integrated,Passed,"resources/views/master-portal.blade.php:970; database/migrations/2026_08_03_000007_update_decimal_columns.php:15",None,None
F-165,"Technical Validation","Tombol dan menu pada mobile memiliki handler yang aktif",PASS,Available,Available,"JS Handlers","UI Logic",Integrated,Passed,resources/views/employee-portal.blade.php:1320,None,None
F-166,"Technical Validation","Tidak ada menu yang hanya tampil tanpa route atau fungsi backend",PARTIAL,Available,Partial,"System Routes","Route Check","One Route Unmapped",Passed,resources/views/master-portal.blade.php:975,"Form action '#' in Draft Resep Baru due to unmapped master-demo.recipes.store route in web.php","Register master-demo.recipes.store route in web.php"
F-167,"Technical Validation","Tidak ada data dummy pada laporan produksi, stok, kasir, KPI, dan slip gaji",PASS,Available,Available,"Live DB","Data Layer",Integrated,Passed,"app/Http/Controllers/DashboardController.php:30; app/Http/Controllers/EmployeePortalController.php:40",None,None
F-168,"Technical Validation","Setiap operasi create, update, dan delete memiliki validasi backend",PASS,Available,Available,"Validation Rules","Backend Check",Integrated,Passed,"app/Http/Controllers/HrisController.php:80; app/Http/Controllers/PurchasingController.php:40",None,None
F-169,"Technical Validation","Error API ditampilkan dengan pesan yang dapat dipahami pengguna",PASS,Available,Available,"JSON Response","UI Toast",Integrated,Passed,resources/views/master-portal.blade.php:1750,None,None
F-170,"Technical Validation","Setiap fitur kritis memiliki logging atau jejak audit yang memadai",PASS,Available,Available,audit_events,"System Audit",Integrated,Passed,"app/Models/AuditEvent.php:20; app/Http/Controllers/Api/SystemControlController.php:85",None,None
